{
    "guiContent": {
        "0": 0.52,
        "1": 0.74,
        "2": 0.56,
        "3": 0.58,
        "4": 0.84,
        "5": 0.64,
        "6": 0.75,
        "7": 0.73,
        "8": 0.8200000000000001,
        "9": 0.66,
        "10": 0.59,
        "11": 0.75,
        "12": 0.81,
        "13": 0.6900000000000001,
        "14": 0.88,
        "15": 0.81,
        "16": 0.79,
        "17": 0.78,
        "18": 0.37,
        "19": 0.8200000000000001,
        "20": 0.64,
        "21": 0.5700000000000001,
        "22": 0.5700000000000001,
        "23": 0.44,
        "24": 0.56,
        "25": 0.51,
        "26": 0.49,
        "27": 0.58,
        "28": 0.92,
        "29": 0.56,
        "30": 0.61,
        "31": 0.64,
        "32": 0.75,
        "33": 0.6900000000000001,
        "34": 0.66,
        "35": 0.68,
        "36": 0.75
    }
}