{
    "guiContent": {
        "0": 0.44,
        "1": 0.9400000000000001,
        "2": 0.5700000000000001,
        "3": 0.97,
        "4": -1,
        "5": -1,
        "6": 0.47000000000000003,
        "7": 0.85,
        "8": -1,
        "9": -1,
        "10": 0.58,
        "11": 0.53,
        "12": 0.68,
        "13": 0.4,
        "14": 0.55,
        "15": 0.32,
        "16": -1,
        "17": -1,
        "18": 0.43,
        "19": 0.39,
        "20": -1,
        "21": -1,
        "22": 0.23,
        "23": 0.48,
        "24": 0.32,
        "25": 0.81,
        "26": 0.37,
        "27": 0.78,
        "28": 0.52,
        "29": 0.65,
        "30": 0.85,
        "31": 0.41000000000000003,
        "32": -1,
        "33": -1,
        "34": -1,
        "35": 0.6,
        "36": 0.65
    }
}