{
    "guiContent": {
        "0": 0.67,
        "1": 0.67,
        "2": 0.61,
        "3": 0.87,
        "4": 0.91,
        "5": 0.53,
        "6": 0.59,
        "7": 0.7000000000000001,
        "8": 0.64,
        "9": 0.71,
        "10": 0.71,
        "11": 0.62,
        "12": 1,
        "13": 0.6900000000000001,
        "14": 0.5700000000000001,
        "15": 0.61,
        "16": 0.5700000000000001,
        "17": 0.76,
        "18": 0.6,
        "19": 0.8300000000000001,
        "20": 0.92,
        "21": 0.59,
        "22": 0.6900000000000001,
        "23": 0.5700000000000001,
        "24": 0.78,
        "25": 0.66,
        "26": 0.67,
        "27": 0.62,
        "28": 0.31,
        "29": 0.79,
        "30": 0.56,
        "31": 0.51,
        "32": 0.7000000000000001,
        "33": 0.7000000000000001,
        "34": 0.97,
        "35": 0.73,
        "36": 0.79
    }
}